1;Disponivel
2;Disponivel
3;Ocupado;Teste Nome ;arthur;gerio;jao
4;Disponivel
5;Disponivel
6;Disponivel
7;Disponivel;guga
8;Disponivel
9;Disponivel
10;Disponivel
11;Disponivel
12;Disponivel
13;Disponivel
14;Disponivel
15;Disponivel
16;Disponivel
17;Disponivel
18;Disponivel
19;Disponivel
20;Disponivel
21;Disponivel
22;Disponivel
23;Disponivel
24;Disponivel
25;Disponivel
26;Disponivel
27;Disponivel
28;Disponivel
29;Disponivel
30;Disponivel
31;Disponivel
32;Disponivel
33;Disponivel
34;Disponivel
35;Disponivel
36;Disponivel
37;Disponivel
38;Disponivel
39;Disponivel
40;Disponivel
41;Disponivel
42;Disponivel
43;Disponivel
44;Disponivel
45;Disponivel
46;Disponivel
47;Disponivel
48;Disponivel
49;Disponivel
50;Disponivel
